{"name":"DetectaNauseaIntent","identifier":"ICTPDTFYMB","description":null,"parentIntentSignature":null,"sampleUtterances":[{"utterance":"estou com náuseas"},{"utterance":"estou enjoada"},{"utterance":"Estou com náuseas."},{"utterance":"As náuseas não passam."},{"utterance":"Estou me sentindo enjoado."},{"utterance":"Estou com muita náusea."},{"utterance":"As náuseas estão piorando."},{"utterance":"Sinto náuseas o tempo todo."},{"utterance":"Estou enjoado e com náuseas."},{"utterance":"As náuseas não melhoram."},{"utterance":"Sinto uma forte náusea."},{"utterance":"Estou com náuseas constantes."},{"utterance":"As náuseas não me deixam em paz."},{"utterance":"Sinto náusea só de pensar em comida."},{"utterance":"Estou com uma náusea que não passa."},{"utterance":"As náuseas estão intensas."},{"utterance":"Sinto náuseas desde cedo."},{"utterance":"As náuseas estão me deixando mal."},{"utterance":"Estou com muita vontade de vomitar."},{"utterance":"As náuseas estão fortes."},{"utterance":"Sinto náuseas sem parar."},{"utterance":"Estou com uma sensação de náusea o tempo todo."},{"utterance":"As náuseas são constantes."},{"utterance":"Estou com náusea desde ontem."},{"utterance":"As náuseas pioram ao longo do dia."},{"utterance":"Sinto náusea e não passa."},{"utterance":"Estou com náuseas que não melhoram."},{"utterance":"A náusea está intensa."},{"utterance":"Estou enjoado desde cedo."},{"utterance":"As náuseas estão me incomodando."},{"utterance":"Sinto náuseas a toda hora."},{"utterance":"Estou enjoado e com náusea constante."}],"intentConfirmationSetting":null,"intentClosingSetting":null,"initialResponseSetting":{"conditional":null,"codeHook":{"isActive":true,"invocationLabel":null,"postCodeHookSpecification":{"failureResponse":null,"failureNextStep":{"intent":{"name":null,"slots":null},"sessionAttributes":null,"dialogAction":{"type":"EndConversation","slotToElicit":null,"suppressNextMessage":null}},"failureConditional":null,"successResponse":null,"successNextStep":{"intent":{"name":null,"slots":null},"sessionAttributes":null,"dialogAction":{"type":"FulfillIntent","slotToElicit":null,"suppressNextMessage":null}},"successConditional":null,"timeoutResponse":null,"timeoutNextStep":{"intent":{"name":null,"slots":null},"sessionAttributes":null,"dialogAction":{"type":"EndConversation","slotToElicit":null,"suppressNextMessage":null}},"timeoutConditional":null},"enableCodeHookInvocation":true},"nextStep":{"intent":{"name":null,"slots":null},"sessionAttributes":null,"dialogAction":{"type":"InvokeDialogCodeHook","slotToElicit":null,"suppressNextMessage":null}},"initialResponse":null},"inputContexts":null,"outputContexts":null,"kendraConfiguration":null,"qnAIntentConfiguration":null,"bedrockAgentIntentConfiguration":null,"qInConnectIntentConfiguration":null,"dialogCodeHook":{"enabled":true},"fulfillmentCodeHook":{"isActive":true,"postFulfillmentStatusSpecification":{"failureResponse":null,"failureNextStep":{"intent":{"name":null,"slots":null},"sessionAttributes":null,"dialogAction":{"type":"EndConversation","slotToElicit":null,"suppressNextMessage":null}},"successResponse":null,"successNextStep":{"intent":{"name":null,"slots":null},"sessionAttributes":null,"dialogAction":{"type":"EndConversation","slotToElicit":null,"suppressNextMessage":null}},"timeoutResponse":null,"timeoutNextStep":{"intent":{"name":null,"slots":null},"sessionAttributes":null,"dialogAction":{"type":"EndConversation","slotToElicit":null,"suppressNextMessage":null}}},"fulfillmentUpdatesSpecification":null,"enabled":true},"slotPriorities":[]}