{"name":"Saudacoes","identifier":"5DM1A06ZAC","description":null,"parentIntentSignature":null,"sampleUtterances":[{"utterance":"Olá"},{"utterance":"Oi"},{"utterance":"Ei"},{"utterance":"Boa tarde"},{"utterance":"Bom dia"},{"utterance":"Boa noite"},{"utterance":"E aí?"},{"utterance":"Oi, tudo bem?"},{"utterance":"Olá, como vai?"},{"utterance":"Como está?"},{"utterance":"Tudo certo?"},{"utterance":"Tudo bom?"},{"utterance":"Oi, tudo certo?"},{"utterance":"Opa"},{"utterance":"Tudo bem?"},{"utterance":"Como vai?"},{"utterance":"E aí, como vão as coisas?"},{"utterance":"Olá, como você está?"},{"utterance":"Alô"},{"utterance":"Tudo em ordem?"},{"utterance":"Como vai você?"},{"utterance":"Fala aí"},{"utterance":"Oi, como estão as coisas?"},{"utterance":"Beleza?"},{"utterance":"Oi, como posso falar com você?"},{"utterance":"Saudações"},{"utterance":"Oi, alguém aí?"},{"utterance":"Fala, tudo certo?"},{"utterance":"Tudo beleza?"},{"utterance":"Como está seu dia?"},{"utterance":"Tudo bem por aí?"},{"utterance":"Como vai essa força?"},{"utterance":"Como está tudo?"},{"utterance":"Oi, tem alguém?"},{"utterance":"Boa tarde, tudo bem?"},{"utterance":"Bom dia, como você está?"},{"utterance":"Oi, beleza?"},{"utterance":"E aí, como você vai?"},{"utterance":"Boa noite, tudo certo?"},{"utterance":"Como estamos?"},{"utterance":"Fala, tudo bem?"},{"utterance":"Tudo ok?"},{"utterance":"Tudo tranquilo?"},{"utterance":"Oi, tudo bem com você?"},{"utterance":"Boa tarde, tudo certinho?"},{"utterance":"Como vão as coisas por aí?"},{"utterance":"Oi, como você tem estado?"},{"utterance":"Como está você hoje?"},{"utterance":"Ei, como está indo?"},{"utterance":"Tudo em ordem contigo?"},{"utterance":"Como vai você hoje?"},{"utterance":"Fala, como você está?"},{"utterance":"Oi, tudo legal?"},{"utterance":"Tá tudo bem?"},{"utterance":"Tudo beleza com você?"},{"utterance":"Como você está hoje?"},{"utterance":"Como está indo tudo?"},{"utterance":"Boa noite! Como você está?"},{"utterance":"Como estão as coisas?"},{"utterance":"Opa, tudo bom contigo?"},{"utterance":"Como tem passado?"},{"utterance":"Oi, como está tudo por aí?"},{"utterance":"Como posso te chamar?"},{"utterance":"Tudo certinho com você?"},{"utterance":"Tudo indo bem?"},{"utterance":"Boa noite! Como você está se sentindo hoje?"},{"utterance":"Tudo suave?"},{"utterance":"Opa, tá tudo certo por aí?"},{"utterance":"Como está indo o seu dia?"},{"utterance":"Tudo beleza contigo?"}],"intentConfirmationSetting":null,"intentClosingSetting":null,"initialResponseSetting":{"conditional":null,"codeHook":{"isActive":true,"invocationLabel":null,"postCodeHookSpecification":{"failureResponse":null,"failureNextStep":{"intent":{"name":null,"slots":null},"sessionAttributes":null,"dialogAction":{"type":"EndConversation","slotToElicit":null,"suppressNextMessage":null}},"failureConditional":null,"successResponse":null,"successNextStep":{"intent":{"name":null,"slots":null},"sessionAttributes":null,"dialogAction":{"type":"FulfillIntent","slotToElicit":null,"suppressNextMessage":null}},"successConditional":null,"timeoutResponse":null,"timeoutNextStep":{"intent":{"name":null,"slots":null},"sessionAttributes":null,"dialogAction":{"type":"EndConversation","slotToElicit":null,"suppressNextMessage":null}},"timeoutConditional":null},"enableCodeHookInvocation":true},"nextStep":{"intent":{"name":null,"slots":null},"sessionAttributes":null,"dialogAction":{"type":"InvokeDialogCodeHook","slotToElicit":null,"suppressNextMessage":null}},"initialResponse":null},"inputContexts":null,"outputContexts":null,"kendraConfiguration":null,"qnAIntentConfiguration":null,"bedrockAgentIntentConfiguration":null,"qInConnectIntentConfiguration":null,"dialogCodeHook":{"enabled":true},"fulfillmentCodeHook":{"isActive":true,"postFulfillmentStatusSpecification":{"failureResponse":null,"failureNextStep":{"intent":{"name":null,"slots":null},"sessionAttributes":null,"dialogAction":{"type":"EndConversation","slotToElicit":null,"suppressNextMessage":null}},"successResponse":null,"successNextStep":{"intent":{"name":null,"slots":null},"sessionAttributes":null,"dialogAction":{"type":"EndConversation","slotToElicit":null,"suppressNextMessage":null}},"timeoutResponse":null,"timeoutNextStep":{"intent":{"name":null,"slots":null},"sessionAttributes":null,"dialogAction":{"type":"EndConversation","slotToElicit":null,"suppressNextMessage":null}}},"fulfillmentUpdatesSpecification":null,"enabled":true},"slotPriorities":[]}