{"name":"ContatoIntent","identifier":"5I6VOO6BGV","description":null,"parentIntentSignature":null,"sampleUtterances":[{"utterance":"contato"},{"utterance":"quero o telefone da vigilância "},{"utterance":"contato com autoridades"},{"utterance":"qual email "},{"utterance":"prefeitura"},{"utterance":"Informação para contato"},{"utterance":"Como posso entrar em contato com a vigilância sanitária sobre focos de dengue?"},{"utterance":"Onde posso denunciar focos de dengue na minha comunidade?"},{"utterance":"Como posso comunicar à prefeitura sobre possíveis focos de dengue?"},{"utterance":"Qual é o número para reportar focos de dengue no meu bairro?"},{"utterance":"Onde posso ligar para que um agente de saúde verifique focos de dengue na minha região?"},{"utterance":"Como posso acionar a defesa civil para combater focos de dengue?"},{"utterance":"Qual é o contato da prefeitura para solicitação de eliminação de focos de dengue?"},{"utterance":"Como posso solicitar apoio para controle de focos de dengue na minha área?"},{"utterance":"Onde posso denunciar terrenos baldios com risco de proliferação de dengue?"},{"utterance":"Como posso informar sobre focos de mosquitos da dengue ao setor de saúde pública?"},{"utterance":"Quais números de telefone estão disponíveis para denúncia de focos de dengue?"},{"utterance":"Como posso entrar em contato com os serviços municipais de controle de mosquitos?"},{"utterance":"Onde posso comunicar o poder público sobre focos de dengue na minha localidade?"},{"utterance":"Qual é o contato da secretaria de saúde para informar sobre focos de dengue?"},{"utterance":"Como posso pedir a visita de agentes de saúde para combater focos de dengue?"},{"utterance":"Onde posso registrar uma denúncia de possível foco de dengue?"},{"utterance":"Quais órgãos podem ser contatados para combater focos de dengue na minha região?"},{"utterance":"Como posso comunicar à vigilância epidemiológica sobre focos de dengue em minha vizinhança?"},{"utterance":"Onde posso encontrar os números de contato para controle de focos de dengue?"},{"utterance":"Como posso solicitar apoio para eliminação de criadouros de dengue em minha área?"},{"utterance":"Qual é o contato da Secretaria de Saúde para solicitar inspeção de focos de dengue?"},{"utterance":"Onde posso reportar terrenos abandonados que estão se tornando focos de dengue?"},{"utterance":"Como posso informar a vigilância sanitária sobre focos de mosquito da dengue?"},{"utterance":"Onde posso buscar informações sobre como comunicar a prefeitura sobre focos de dengue?"},{"utterance":"Como posso denunciar focos de dengue diretamente ao serviço de saúde pública?"},{"utterance":"Quais são os meios para entrar em contato com a vigilância epidemiológica sobre focos de dengue?"},{"utterance":"Como posso contatar a prefeitura para solicitar a eliminação de focos de dengue?"},{"utterance":"Onde posso falar sobre o risco de focos de dengue com a autoridade pública local?"},{"utterance":"Como posso comunicar a comunidade sobre a necessidade de ação contra focos de dengue?"},{"utterance":"Onde posso informar sobre áreas com focos de dengue para a vigilância sanitária?"},{"utterance":"Como posso solicitar uma inspeção para combater a proliferação de dengue na minha área?"},{"utterance":"Onde posso reportar o aumento de casos de dengue e possíveis focos?"},{"utterance":"Como posso pedir ajuda para eliminar criadouros de dengue em minha região?"},{"utterance":"Como posso acionar o poder público para limpar áreas com risco de dengue?"},{"utterance":"Qual é o número de contato da vigilância sanitária para focos de dengue?"},{"utterance":"Onde posso denunciar focos de dengue em minha cidade?"},{"utterance":"Como posso entrar em contato com os agentes de controle de mosquito para eliminar focos de dengue?"},{"utterance":"Qual é o número para notificar a prefeitura sobre possíveis focos de dengue?"},{"utterance":"Como posso informar sobre risco de proliferação de dengue nas proximidades da minha casa?"},{"utterance":"Onde posso falar diretamente com as autoridades públicas sobre focos de dengue?"},{"utterance":"Como posso contatar a secretaria de saúde para investigar focos de dengue em meu bairro?"},{"utterance":"Onde posso reportar locais com água parada que possam gerar focos de dengue?"},{"utterance":"Qual é a maneira mais rápida de informar sobre focos de dengue à prefeitura ou à vigilância sanitária?"},{"utterance":"Onde posso comunicar sobre focos de mosquitos da dengue no meu município?"},{"utterance":"Como posso pedir apoio para controlar focos de dengue na minha comunidade?"},{"utterance":"Onde posso buscar informações sobre como comunicar a eliminação de focos de dengue?"},{"utterance":"Como posso colaborar com as autoridades para eliminar focos de dengue na minha área?"},{"utterance":"Qual é o processo para reportar focos de dengue à vigilância epidemiológica?"},{"utterance":"Onde posso encontrar os contatos de serviços públicos especializados no controle de dengue?"},{"utterance":"Como posso entrar em contato com a prefeitura para ajuda na eliminação de focos de dengue?"}],"intentConfirmationSetting":null,"intentClosingSetting":null,"initialResponseSetting":{"conditional":null,"codeHook":{"isActive":true,"invocationLabel":null,"postCodeHookSpecification":{"failureResponse":null,"failureNextStep":{"intent":{"name":null,"slots":null},"sessionAttributes":null,"dialogAction":{"type":"EndConversation","slotToElicit":null,"suppressNextMessage":null}},"failureConditional":null,"successResponse":null,"successNextStep":{"intent":{"name":null,"slots":null},"sessionAttributes":null,"dialogAction":{"type":"FulfillIntent","slotToElicit":null,"suppressNextMessage":null}},"successConditional":null,"timeoutResponse":null,"timeoutNextStep":{"intent":{"name":null,"slots":null},"sessionAttributes":null,"dialogAction":{"type":"EndConversation","slotToElicit":null,"suppressNextMessage":null}},"timeoutConditional":null},"enableCodeHookInvocation":true},"nextStep":{"intent":{"name":null,"slots":null},"sessionAttributes":null,"dialogAction":{"type":"InvokeDialogCodeHook","slotToElicit":null,"suppressNextMessage":null}},"initialResponse":null},"inputContexts":null,"outputContexts":null,"kendraConfiguration":null,"qnAIntentConfiguration":null,"bedrockAgentIntentConfiguration":null,"qInConnectIntentConfiguration":null,"dialogCodeHook":{"enabled":true},"fulfillmentCodeHook":{"isActive":true,"postFulfillmentStatusSpecification":{"failureResponse":null,"failureNextStep":{"intent":{"name":null,"slots":null},"sessionAttributes":null,"dialogAction":{"type":"EndConversation","slotToElicit":null,"suppressNextMessage":null}},"successResponse":null,"successNextStep":{"intent":{"name":null,"slots":null},"sessionAttributes":null,"dialogAction":{"type":"EndConversation","slotToElicit":null,"suppressNextMessage":null}},"timeoutResponse":null,"timeoutNextStep":{"intent":{"name":null,"slots":null},"sessionAttributes":null,"dialogAction":{"type":"EndConversation","slotToElicit":null,"suppressNextMessage":null}}},"fulfillmentUpdatesSpecification":null,"enabled":true},"slotPriorities":[]}