{"name":"DicasPrevencaoIntent","identifier":"3EYBTI9P8C","description":null,"parentIntentSignature":null,"sampleUtterances":[{"utterance":"prevenção"},{"utterance":"dicas de prevenção"},{"utterance":"quero prevenção"},{"utterance":"quero dicas de prevenção "},{"utterance":"O que posso fazer para evitar a transmissão de dengue?"},{"utterance":"Como posso prevenir a proliferação do mosquito transmissor da dengue?"},{"utterance":"Quais medidas devo tomar para evitar ser picado pelo mosquito da dengue?"},{"utterance":"Como posso proteger minha casa contra o mosquito da dengue?"},{"utterance":"Quais são as formas mais eficazes de prevenir a dengue?"},{"utterance":"Como posso evitar criadouros de mosquitos em minha casa?"},{"utterance":"O que fazer para eliminar os focos de mosquito da dengue no meu bairro?"},{"utterance":"Como posso proteger minha família contra o mosquito transmissor da dengue?"},{"utterance":"O que posso fazer para evitar a água parada e a proliferação do mosquito?"},{"utterance":"Quais são as formas mais eficazes de controlar o mosquito da dengue?"},{"utterance":"Como posso evitar que o mosquito da dengue entre em minha casa?"},{"utterance":"O que posso fazer para evitar o aumento do mosquito da dengue no meu ambiente?"},{"utterance":"Como posso reduzir o risco de picadas de mosquito da dengue?"},{"utterance":"O que posso fazer para prevenir a infestação de mosquitos na minha casa?"},{"utterance":"Como posso identificar criadouros de mosquitos da dengue em minha casa?"},{"utterance":"Quais são as melhores formas de prevenção contra o mosquito transmissor de doenças?"},{"utterance":"O que posso fazer para prevenir a dengue em minha casa e no meu bairro?"},{"utterance":"Como posso evitar que o mosquito da dengue se prolifere no meu quintal?"},{"utterance":"O que posso fazer para proteger minha casa contra os mosquitos da dengue?"},{"utterance":"Como posso evitar os focos de mosquito da dengue no meu condomínio?"},{"utterance":"Quais cuidados devo ter para evitar a proliferação do mosquito transmissor da dengue?"},{"utterance":"Como posso evitar o mosquito da dengue dentro de casa?"},{"utterance":"Quais são as melhores medidas de prevenção contra a dengue durante a epidemia?"},{"utterance":"O que posso fazer para eliminar criadouros de mosquitos de forma eficaz?"},{"utterance":"Como posso proteger meus filhos contra o mosquito da dengue?"},{"utterance":"O que posso fazer para prevenir doenças transmitidas por mosquitos como a dengue?"},{"utterance":"Quais são as formas mais eficazes de proteção contra o mosquito transmissor da dengue?"},{"utterance":"Como posso manter a minha casa livre de mosquitos da dengue?"},{"utterance":"O que posso fazer para eliminar o risco de picadas de mosquito da dengue?"},{"utterance":"Como posso evitar o aparecimento de mosquitos transmissores de doenças como a dengue?"},{"utterance":"Quais ações preventivas posso tomar para proteger a minha saúde contra a dengue?"},{"utterance":"Como posso eliminar os focos de água parada onde os mosquitos podem se proliferar?"},{"utterance":"O que posso fazer para evitar que o mosquito da dengue invada minha residência?"},{"utterance":"Como posso proteger a minha casa contra os focos do mosquito transmissor de doenças?"},{"utterance":"Quais cuidados tomar para prevenir o aumento da população de mosquitos da dengue?"},{"utterance":"Como posso eliminar criadouros de mosquitos de forma rápida e eficiente?"},{"utterance":"O que posso fazer para evitar que o mosquito da dengue coloque ovos na minha casa?"},{"utterance":"Como posso fazer a prevenção de doenças como a dengue em minha comunidade?"},{"utterance":"O que posso fazer para eliminar o risco de transmissão de dengue na minha casa?"},{"utterance":"Como posso combater a proliferação do mosquito transmissor da dengue em minha cidade?"},{"utterance":"Quais cuidados tomar para não atrair o mosquito da dengue para dentro de casa?"},{"utterance":"Como posso evitar a formação de focos de mosquitos transmissor de dengue na minha região?"},{"utterance":"O que fazer para não ser picado pelo mosquito da dengue enquanto estou fora de casa?"},{"utterance":"Como posso prevenir a dengue nas áreas externas da minha casa?"},{"utterance":"Quais medidas posso adotar para evitar a proliferação do mosquito transmissor de doenças?"},{"utterance":"O que posso fazer para diminuir os focos de mosquitos em áreas públicas?"},{"utterance":"Como posso proteger minha família e amigos contra a dengue durante a epidemia?"},{"utterance":"O que fazer para não atrair o mosquito da dengue dentro de casa?"},{"utterance":"Como posso reduzir os riscos de infecção por dengue através de medidas de prevenção?"},{"utterance":"Quais práticas de prevenção posso adotar para controlar a transmissão da dengue?"}],"intentConfirmationSetting":null,"intentClosingSetting":null,"initialResponseSetting":{"conditional":null,"codeHook":{"isActive":true,"invocationLabel":null,"postCodeHookSpecification":{"failureResponse":null,"failureNextStep":{"intent":{"name":null,"slots":null},"sessionAttributes":null,"dialogAction":{"type":"EndConversation","slotToElicit":null,"suppressNextMessage":null}},"failureConditional":null,"successResponse":null,"successNextStep":{"intent":{"name":null,"slots":null},"sessionAttributes":null,"dialogAction":{"type":"FulfillIntent","slotToElicit":null,"suppressNextMessage":null}},"successConditional":null,"timeoutResponse":null,"timeoutNextStep":{"intent":{"name":null,"slots":null},"sessionAttributes":null,"dialogAction":{"type":"EndConversation","slotToElicit":null,"suppressNextMessage":null}},"timeoutConditional":null},"enableCodeHookInvocation":true},"nextStep":{"intent":{"name":null,"slots":null},"sessionAttributes":null,"dialogAction":{"type":"InvokeDialogCodeHook","slotToElicit":null,"suppressNextMessage":null}},"initialResponse":null},"inputContexts":null,"outputContexts":null,"kendraConfiguration":null,"qnAIntentConfiguration":null,"bedrockAgentIntentConfiguration":null,"qInConnectIntentConfiguration":null,"dialogCodeHook":{"enabled":true},"fulfillmentCodeHook":{"isActive":true,"postFulfillmentStatusSpecification":{"failureResponse":null,"failureNextStep":{"intent":{"name":null,"slots":null},"sessionAttributes":null,"dialogAction":{"type":"EndConversation","slotToElicit":null,"suppressNextMessage":null}},"successResponse":null,"successNextStep":{"intent":{"name":null,"slots":null},"sessionAttributes":null,"dialogAction":{"type":"EndConversation","slotToElicit":null,"suppressNextMessage":null}},"timeoutResponse":null,"timeoutNextStep":{"intent":{"name":null,"slots":null},"sessionAttributes":null,"dialogAction":{"type":"EndConversation","slotToElicit":null,"suppressNextMessage":null}}},"fulfillmentUpdatesSpecification":null,"enabled":true},"slotPriorities":[]}