{"name":"DenunciaFotoIntent","identifier":"HBTRVUNW1P","description":null,"parentIntentSignature":null,"sampleUtterances":[{"utterance":"denuncia"},{"utterance":"Reportar foco de dengue"},{"utterance":"Análise de foco por imagem"},{"utterance":"Posso enviar uma imagem para analisar focos de dengue?"},{"utterance":"Preciso saber se há focos de dengue nesta imagem."},{"utterance":"Esta imagem tem focos de dengue?"},{"utterance":"Dá para verificar focos de dengue nessa foto?"},{"utterance":"Avalie esta imagem para focos de dengue, por favor."},{"utterance":"Tem como identificar focos de dengue nesta foto?"},{"utterance":"Veja se há foco de dengue nesta imagem."},{"utterance":"Esse local tem focos de dengue?"},{"utterance":"Quais são as chances de haver dengue nessa imagem?"},{"utterance":"Pode analisar esta imagem para focos de dengue?"},{"utterance":"Gostaria de saber se há focos de dengue aqui."},{"utterance":"Essa imagem apresenta algum foco de dengue?"},{"utterance":"Há sinais de dengue nesta foto?"},{"utterance":"Esta foto tem focos de dengue?"},{"utterance":"Dá para identificar focos de dengue nesta imagem?"},{"utterance":"Gostaria de uma análise para focos de dengue nesta foto."},{"utterance":"Você pode ver se essa imagem tem focos de dengue?"},{"utterance":"Preciso verificar se há dengue neste local."},{"utterance":"Tem foco de dengue nessa imagem?"},{"utterance":"Você consegue identificar focos de dengue aqui?"},{"utterance":"Avalie para mim se há focos de dengue nesta imagem."},{"utterance":"Veja se há focos de dengue nesse lugar."},{"utterance":"Essa imagem indica focos de dengue?"},{"utterance":"Pode verificar esta imagem para possíveis focos de dengue?"},{"utterance":"Verifique se há focos de dengue neste local."},{"utterance":"Tem como checar se essa imagem tem focos de dengue?"},{"utterance":"Gostaria de analisar essa imagem quanto a focos de dengue."},{"utterance":"Avalie esta foto para presença de dengue."},{"utterance":"Posso confirmar focos de dengue com esta foto?"},{"utterance":"Analise esta imagem para riscos de dengue."},{"utterance":"Você consegue identificar dengue nessa foto?"},{"utterance":"Tem algum foco de dengue nessa imagem?"},{"utterance":"Cheque essa foto para focos de dengue."},{"utterance":"Dá para dizer se há dengue nessa imagem?"},{"utterance":"Analise se há dengue nessa área."},{"utterance":"Esse local apresenta algum risco de dengue?"},{"utterance":"Tem risco de dengue nessa imagem?"},{"utterance":"Pode verificar essa foto quanto a dengue?"},{"utterance":"Esta imagem mostra focos de dengue?"},{"utterance":"Preciso confirmar a presença de dengue nessa imagem."},{"utterance":"Verifique se há dengue nesse local."},{"utterance":"Esse ambiente tem focos de dengue?"},{"utterance":"Pode checar a foto para possíveis focos de dengue?"},{"utterance":"Tem focos de dengue nesta foto?"},{"utterance":"Dá para confirmar focos de dengue com esta imagem?"},{"utterance":"Consegue analisar focos de dengue nessa imagem?"},{"utterance":"Cheque se há algum sinal de dengue nesta imagem."},{"utterance":"Verifique se esta foto apresenta focos de dengue."},{"utterance":"Este lugar tem risco de dengue?"},{"utterance":"Avalie esta imagem e diga se há focos de dengue."},{"utterance":"Tem dengue aqui?"},{"utterance":"Foco de dengue?"},{"utterance":"Essa imagem tem dengue?"},{"utterance":"Tem risco de dengue?"},{"utterance":"Foco de dengue nesta foto?"},{"utterance":"Há dengue aqui?"},{"utterance":"Veja focos de dengue."},{"utterance":"Há dengue?"},{"utterance":"Analise para dengue."},{"utterance":"Verifique dengue."},{"utterance":"Tem foco aí?"},{"utterance":"Dengue nessa imagem?"},{"utterance":"Existe foco de dengue?"},{"utterance":"Confirma dengue aqui?"},{"utterance":"Risco de dengue?"},{"utterance":"Dengue detectado?"},{"utterance":"Há foco aqui?"},{"utterance":"Possíveis focos?"},{"utterance":"Dá para ver dengue?"},{"utterance":"Foco confirmado?"},{"utterance":"Algum foco?"},{"utterance":"Dengue identificado?"},{"utterance":"Analise dengue."},{"utterance":"Alguma dengue?"},{"utterance":"Avaliação de dengue?"},{"utterance":"Dengue neste local?"},{"utterance":"Vê algum foco?"},{"utterance":"Confirmar foco?"},{"utterance":"Analisar Foco de Dengue"},{"utterance":"Identificar Foco de Dengue"},{"utterance":"Verificar Focos Suspeitos"},{"utterance":"Avaliar Imagem de Risco"}],"intentConfirmationSetting":null,"intentClosingSetting":null,"initialResponseSetting":{"conditional":null,"codeHook":{"isActive":true,"invocationLabel":null,"postCodeHookSpecification":{"failureResponse":null,"failureNextStep":{"intent":{"name":null,"slots":null},"sessionAttributes":null,"dialogAction":{"type":"EndConversation","slotToElicit":null,"suppressNextMessage":null}},"failureConditional":null,"successResponse":null,"successNextStep":{"intent":{"name":null,"slots":null},"sessionAttributes":null,"dialogAction":{"type":"ElicitSlot","slotToElicit":"nomeImagem","suppressNextMessage":null}},"successConditional":null,"timeoutResponse":null,"timeoutNextStep":{"intent":{"name":null,"slots":null},"sessionAttributes":null,"dialogAction":{"type":"EndConversation","slotToElicit":null,"suppressNextMessage":null}},"timeoutConditional":null},"enableCodeHookInvocation":true},"nextStep":{"intent":{"name":null,"slots":null},"sessionAttributes":null,"dialogAction":{"type":"InvokeDialogCodeHook","slotToElicit":null,"suppressNextMessage":null}},"initialResponse":null},"inputContexts":null,"outputContexts":null,"kendraConfiguration":null,"qnAIntentConfiguration":null,"bedrockAgentIntentConfiguration":null,"qInConnectIntentConfiguration":null,"dialogCodeHook":{"enabled":true},"fulfillmentCodeHook":{"isActive":true,"postFulfillmentStatusSpecification":{"failureResponse":null,"failureNextStep":{"intent":{"name":null,"slots":null},"sessionAttributes":null,"dialogAction":{"type":"EndConversation","slotToElicit":null,"suppressNextMessage":null}},"successResponse":null,"successNextStep":{"intent":{"name":null,"slots":null},"sessionAttributes":null,"dialogAction":{"type":"EndConversation","slotToElicit":null,"suppressNextMessage":null}},"timeoutResponse":null,"timeoutNextStep":{"intent":{"name":null,"slots":null},"sessionAttributes":null,"dialogAction":{"type":"EndConversation","slotToElicit":null,"suppressNextMessage":null}}},"fulfillmentUpdatesSpecification":null,"enabled":true},"slotPriorities":[{"priority":2,"slotName":"label"},{"priority":3,"slotName":"confirmacao"},{"priority":1,"slotName":"nomeImagem"}]}