{"name":"DicasTratamentoDengue","identifier":"WOQC09DKSE","description":null,"parentIntentSignature":null,"sampleUtterances":[{"utterance":"dicas tratamentos de dengue"},{"utterance":"Quero dicas de tratamento"},{"utterance":"tratamento"},{"utterance":"acho que estou com dengue, o que faço"},{"utterance":"O que posso fazer para me curar mais rápido de dengue?"},{"utterance":"Quais são os melhores remédios para tratar a dengue?"},{"utterance":"Como posso aliviar a dor no corpo causada pela dengue?"},{"utterance":"Como posso combater a desidratação causada pela dengue?"},{"utterance":"O que é recomendado para tratar a dor de cabeça durante a dengue?"},{"utterance":"Quais cuidados tomar para acelerar a recuperação da dengue?"},{"utterance":"Como posso aliviar a dor nas articulações causada pela dengue?"},{"utterance":"O que posso fazer para evitar a desidratação enquanto estou com dengue?"},{"utterance":"Como posso melhorar minha recuperação de dengue em casa?"},{"utterance":"Quais medicamentos são indicados para controlar a febre de dengue?"},{"utterance":"O que posso fazer para aliviar a dor nas costas durante a dengue?"},{"utterance":"Como posso combater os sintomas de náusea causados pela dengue?"},{"utterance":"O que posso fazer para melhorar meu estado quando estou com dengue?"},{"utterance":"Como posso aliviar a dor de cabeça causada pela dengue?"},{"utterance":"Quais são as melhores opções de tratamento para aliviar os sintomas de dengue?"},{"utterance":"Posso tomar paracetamol para aliviar a dor causada pela dengue?"},{"utterance":"Como posso melhorar a recuperação de alguém com dengue em casa?"},{"utterance":"O que posso fazer para aliviar os sintomas de náusea e dor de cabeça?"},{"utterance":"Quais são as formas mais eficazes de aliviar os sintomas da dengue?"},{"utterance":"Como posso ajudar a melhorar o meu quadro com dengue?"},{"utterance":"O que é recomendado para quem está com dor no corpo devido à dengue?"},{"utterance":"Como posso tratar a febre de forma segura durante a dengue?"},{"utterance":"O que posso fazer para reduzir a febre causada pela dengue?"},{"utterance":"Quais são os remédios mais eficazes para tratar a dengue em casa?"},{"utterance":"Como posso aliviar as dores articulares durante a dengue?"},{"utterance":"O que posso fazer para melhorar os sintomas de febre e dor de cabeça causados pela dengue?"},{"utterance":"Como posso aliviar os sintomas de dor no corpo e febre durante a dengue?"},{"utterance":"Quais são os cuidados essenciais para quem tem dengue?"},{"utterance":"Como posso aliviar os sintomas da dengue em casa de forma segura?"},{"utterance":"O que posso fazer para ajudar na recuperação de alguém com dengue?"},{"utterance":"O que posso fazer para evitar que a febre piore durante a dengue?"},{"utterance":"Como posso aliviar as dores musculares causadas pela dengue?"},{"utterance":"O que posso fazer para melhorar a recuperação de uma pessoa com sintomas de dengue?"},{"utterance":"Quais são as formas mais seguras de tratar a febre de dengue?"},{"utterance":"Como posso aliviar os sintomas de náusea durante a dengue?"},{"utterance":"O que fazer para diminuir a febre quando estou com dengue?"},{"utterance":"Como posso aliviar os sintomas de dengue de maneira eficaz e segura?"},{"utterance":"O que é recomendado para aliviar os sintomas da dor nas costas durante a dengue?"},{"utterance":"O que posso fazer para melhorar os sintomas de febre e náusea causados pela dengue?"},{"utterance":"Quais medidas tomar para melhorar o tratamento de dengue em casa?"},{"utterance":"Como posso ajudar a reduzir a dor no corpo causada pela dengue?"},{"utterance":"O que é recomendado para o tratamento da febre da dengue?"},{"utterance":"Como posso aliviar a dor de cabeça durante o tratamento da dengue?"},{"utterance":"O que fazer para melhorar a recuperação após o tratamento de dengue?"},{"utterance":"Quais cuidados devo tomar ao tratar a dengue em casa?"},{"utterance":"O que posso fazer para combater a dor no corpo enquanto estou com dengue?"},{"utterance":"Como posso melhorar minha recuperação de sintomas como febre e náusea?"},{"utterance":"O que posso fazer para evitar que os sintomas da dengue piorem?"},{"utterance":"Como posso aliviar os sintomas de febre e dor no corpo causados pela dengue?"}],"intentConfirmationSetting":null,"intentClosingSetting":null,"initialResponseSetting":{"conditional":null,"codeHook":{"isActive":true,"invocationLabel":null,"postCodeHookSpecification":{"failureResponse":null,"failureNextStep":{"intent":{"name":null,"slots":null},"sessionAttributes":null,"dialogAction":{"type":"EndConversation","slotToElicit":null,"suppressNextMessage":null}},"failureConditional":null,"successResponse":null,"successNextStep":{"intent":{"name":null,"slots":null},"sessionAttributes":null,"dialogAction":{"type":"FulfillIntent","slotToElicit":null,"suppressNextMessage":null}},"successConditional":null,"timeoutResponse":null,"timeoutNextStep":{"intent":{"name":null,"slots":null},"sessionAttributes":null,"dialogAction":{"type":"EndConversation","slotToElicit":null,"suppressNextMessage":null}},"timeoutConditional":null},"enableCodeHookInvocation":true},"nextStep":{"intent":{"name":null,"slots":null},"sessionAttributes":null,"dialogAction":{"type":"InvokeDialogCodeHook","slotToElicit":null,"suppressNextMessage":null}},"initialResponse":null},"inputContexts":null,"outputContexts":null,"kendraConfiguration":null,"qnAIntentConfiguration":null,"bedrockAgentIntentConfiguration":null,"qInConnectIntentConfiguration":null,"dialogCodeHook":{"enabled":true},"fulfillmentCodeHook":{"isActive":true,"postFulfillmentStatusSpecification":{"failureResponse":null,"failureNextStep":{"intent":{"name":null,"slots":null},"sessionAttributes":null,"dialogAction":{"type":"EndConversation","slotToElicit":null,"suppressNextMessage":null}},"successResponse":null,"successNextStep":{"intent":{"name":null,"slots":null},"sessionAttributes":null,"dialogAction":{"type":"EndConversation","slotToElicit":null,"suppressNextMessage":null}},"timeoutResponse":null,"timeoutNextStep":{"intent":{"name":null,"slots":null},"sessionAttributes":null,"dialogAction":{"type":"EndConversation","slotToElicit":null,"suppressNextMessage":null}}},"fulfillmentUpdatesSpecification":null,"enabled":true},"slotPriorities":[]}