{"name":"DetectaDorCostasIntent","identifier":"AVDRRTYNS2","description":null,"parentIntentSignature":null,"sampleUtterances":[{"utterance":"costas doendo"},{"utterance":"dor nas costas"},{"utterance":"lombar dolorida"},{"utterance":"costas dolorida"},{"utterance":"Estou com dor nas costas."},{"utterance":"Sinto uma dor forte nas costas."},{"utterance":"Minhas costas estão doendo muito."},{"utterance":"A dor nas costas não passa."},{"utterance":"Estou com uma dor nas costas constante."},{"utterance":"Minha dor nas costas está piorando."},{"utterance":"Estou com dor nas costas desde cedo."},{"utterance":"A dor nas costas está me incomodando."},{"utterance":"Não consigo aliviar a dor nas costas."},{"utterance":"Minha dor nas costas não melhora."},{"utterance":"Sinto dor nas costas o tempo todo."},{"utterance":"A dor nas costas está intensa."},{"utterance":"Estou com dor nas costas e não passa."},{"utterance":"Sinto dor ao movimentar minhas costas."},{"utterance":"Estou com dor nas costas desde ontem."},{"utterance":"A dor nas costas está me limitando."},{"utterance":"Minhas costas estão doloridas."},{"utterance":"Estou com uma dor terrível nas costas."},{"utterance":"A dor nas costas está constante."},{"utterance":"Não consigo me livrar da dor nas costas."},{"utterance":"Estou com uma dor nas costas que não alivia."},{"utterance":"A dor nas costas me incomoda muito."},{"utterance":"Minhas costas estão em muita dor."},{"utterance":"A dor nas costas não me deixa descansar."},{"utterance":"Estou com dor nas costas há horas."},{"utterance":"A dor nas costas piora com o tempo."},{"utterance":"Não consigo aliviar essa dor nas costas."},{"utterance":"Sinto uma dor contínua nas costas."},{"utterance":"Minhas costas estão realmente doendo."},{"utterance":"A dor nas costas está intensa e não passa."}],"intentConfirmationSetting":null,"intentClosingSetting":null,"initialResponseSetting":{"conditional":null,"codeHook":{"isActive":true,"invocationLabel":null,"postCodeHookSpecification":{"failureResponse":null,"failureNextStep":{"intent":{"name":null,"slots":null},"sessionAttributes":null,"dialogAction":{"type":"EndConversation","slotToElicit":null,"suppressNextMessage":null}},"failureConditional":null,"successResponse":null,"successNextStep":{"intent":{"name":null,"slots":null},"sessionAttributes":null,"dialogAction":{"type":"FulfillIntent","slotToElicit":null,"suppressNextMessage":null}},"successConditional":null,"timeoutResponse":null,"timeoutNextStep":{"intent":{"name":null,"slots":null},"sessionAttributes":null,"dialogAction":{"type":"EndConversation","slotToElicit":null,"suppressNextMessage":null}},"timeoutConditional":null},"enableCodeHookInvocation":true},"nextStep":{"intent":{"name":null,"slots":null},"sessionAttributes":null,"dialogAction":{"type":"InvokeDialogCodeHook","slotToElicit":null,"suppressNextMessage":null}},"initialResponse":null},"inputContexts":null,"outputContexts":null,"kendraConfiguration":null,"qnAIntentConfiguration":null,"bedrockAgentIntentConfiguration":null,"qInConnectIntentConfiguration":null,"dialogCodeHook":{"enabled":true},"fulfillmentCodeHook":{"isActive":true,"postFulfillmentStatusSpecification":{"failureResponse":null,"failureNextStep":{"intent":{"name":null,"slots":null},"sessionAttributes":null,"dialogAction":{"type":"EndConversation","slotToElicit":null,"suppressNextMessage":null}},"successResponse":null,"successNextStep":{"intent":{"name":null,"slots":null},"sessionAttributes":null,"dialogAction":{"type":"EndConversation","slotToElicit":null,"suppressNextMessage":null}},"timeoutResponse":null,"timeoutNextStep":{"intent":{"name":null,"slots":null},"sessionAttributes":null,"dialogAction":{"type":"EndConversation","slotToElicit":null,"suppressNextMessage":null}}},"fulfillmentUpdatesSpecification":null,"enabled":true},"slotPriorities":[]}