{"name":"DetectaFebreIntent","identifier":"FAWM45ZQ9W","description":null,"parentIntentSignature":null,"sampleUtterances":[{"utterance":"estou com febre"},{"utterance":"tenho febre"},{"utterance":"febril "},{"utterance":"meu corpo está quente"},{"utterance":"Estou com febre."},{"utterance":"Minha febre não passa."},{"utterance":"Estou com febre alta."},{"utterance":"A febre só aumenta."},{"utterance":"Sinto que minha febre está piorando."},{"utterance":"Estou febril desde ontem."},{"utterance":"A febre não baixa."},{"utterance":"Estou com febre e tremendo."},{"utterance":"Não consigo me livrar da febre."},{"utterance":"A febre voltou."},{"utterance":"Estou ardendo em febre."},{"utterance":"Minha febre está me deixando fraco."},{"utterance":"Estou com febre e calafrios."},{"utterance":"A febre me pegou de jeito."},{"utterance":"Já acordei com febre."},{"utterance":"Não paro de sentir febre."},{"utterance":"Estou com febre faz horas."},{"utterance":"A febre está constante."},{"utterance":"Fiquei com febre de repente."},{"utterance":"Estou suando por causa da febre."},{"utterance":"A febre não me deixa em paz."},{"utterance":"Já tomei remédio, mas ainda estou com febre."},{"utterance":"Estou com febre o dia todo."},{"utterance":"A febre está me deixando mal."},{"utterance":"Parece que minha febre não baixa."},{"utterance":"Estou com febre e dor no corpo."},{"utterance":"Não estou conseguindo me livrar dessa febre."},{"utterance":"Minha febre só piora."},{"utterance":"Estou com febre desde cedo."},{"utterance":"Estou com uma febre forte."}],"intentConfirmationSetting":null,"intentClosingSetting":null,"initialResponseSetting":{"conditional":null,"codeHook":null,"nextStep":{"intent":{"name":null,"slots":null},"sessionAttributes":null,"dialogAction":{"type":"FulfillIntent","slotToElicit":null,"suppressNextMessage":null}},"initialResponse":null},"inputContexts":null,"outputContexts":null,"kendraConfiguration":null,"qnAIntentConfiguration":null,"bedrockAgentIntentConfiguration":null,"qInConnectIntentConfiguration":null,"dialogCodeHook":{"enabled":true},"fulfillmentCodeHook":{"isActive":true,"postFulfillmentStatusSpecification":{"failureResponse":null,"failureNextStep":{"intent":{"name":null,"slots":null},"sessionAttributes":null,"dialogAction":{"type":"EndConversation","slotToElicit":null,"suppressNextMessage":null}},"successResponse":null,"successNextStep":{"intent":{"name":null,"slots":null},"sessionAttributes":null,"dialogAction":{"type":"EndConversation","slotToElicit":null,"suppressNextMessage":null}},"timeoutResponse":null,"timeoutNextStep":{"intent":{"name":null,"slots":null},"sessionAttributes":null,"dialogAction":{"type":"EndConversation","slotToElicit":null,"suppressNextMessage":null}}},"fulfillmentUpdatesSpecification":null,"enabled":true},"slotPriorities":[]}