{"name":"DetectaDorCorpoIntent","identifier":"QHSICDOYVR","description":null,"parentIntentSignature":null,"sampleUtterances":[{"utterance":"estou com dor no corpo"},{"utterance":"dor no corpo "},{"utterance":"meu corpo está dolorido"},{"utterance":"meu corpo tá doendo"},{"utterance":"corpo doído"},{"utterance":"Estou com dor no corpo."},{"utterance":"Meu corpo está doendo todo."},{"utterance":"Sinto dor no corpo inteiro."},{"utterance":"As dores no corpo não passam."},{"utterance":"Estou com uma dor no corpo."},{"utterance":"Meu corpo está muito dolorido."},{"utterance":"Sinto dores pelo corpo."},{"utterance":"Estou com dor no corpo há dias."},{"utterance":"A dor no corpo está intensa."},{"utterance":"Meu corpo está todo dolorido."},{"utterance":"Estou com uma dor intensa no corpo."},{"utterance":"A dor no corpo não me deixa em paz."},{"utterance":"Sinto dores em várias partes do corpo."},{"utterance":"Meu corpo está cheio de dores."},{"utterance":"Estou com dor pelo corpo todo."},{"utterance":"As dores no corpo não melhoram."},{"utterance":"Meu corpo está muito dolorido e fraco."},{"utterance":"A dor no corpo é constante."},{"utterance":"Estou sentindo dor no corpo inteiro."},{"utterance":"As dores no corpo estão piorando."},{"utterance":"Meu corpo dói em todas as partes."},{"utterance":"Estou com uma dor constante no corpo."},{"utterance":"A dor no corpo está intensa e não passa."},{"utterance":"Sinto uma dor generalizada no corpo."},{"utterance":"Meu corpo está todo dolorido e sensível."},{"utterance":"A dor no corpo está me incomodando."},{"utterance":"Estou com uma dor profunda no corpo."},{"utterance":"Sinto dor no corpo inteiro sem parar."},{"utterance":"Meu corpo está muito dolorido e cansado."},{"utterance":"As dores no corpo estão me deixando mal."}],"intentConfirmationSetting":null,"intentClosingSetting":null,"initialResponseSetting":{"conditional":null,"codeHook":null,"nextStep":{"intent":{"name":null,"slots":null},"sessionAttributes":null,"dialogAction":{"type":"FulfillIntent","slotToElicit":null,"suppressNextMessage":null}},"initialResponse":null},"inputContexts":null,"outputContexts":null,"kendraConfiguration":null,"qnAIntentConfiguration":null,"bedrockAgentIntentConfiguration":null,"qInConnectIntentConfiguration":null,"dialogCodeHook":{"enabled":true},"fulfillmentCodeHook":{"isActive":true,"postFulfillmentStatusSpecification":{"failureResponse":null,"failureNextStep":{"intent":{"name":null,"slots":null},"sessionAttributes":null,"dialogAction":{"type":"EndConversation","slotToElicit":null,"suppressNextMessage":null}},"successResponse":null,"successNextStep":{"intent":{"name":null,"slots":null},"sessionAttributes":null,"dialogAction":{"type":"EndConversation","slotToElicit":null,"suppressNextMessage":null}},"timeoutResponse":null,"timeoutNextStep":{"intent":{"name":null,"slots":null},"sessionAttributes":null,"dialogAction":{"type":"EndConversation","slotToElicit":null,"suppressNextMessage":null}}},"fulfillmentUpdatesSpecification":null,"enabled":true},"slotPriorities":[]}