{"name":"DetectaDorCabecaIntent","identifier":"OQ7WY6YKVZ","description":null,"parentIntentSignature":null,"sampleUtterances":[{"utterance":"estou com dor de cabeça"},{"utterance":"tenho dor de cabeça"},{"utterance":"sinto cefaleia "},{"utterance":"estou com enxaqueca"},{"utterance":"Estou com dor de cabeça."},{"utterance":"Minha cabeça está doendo muito."},{"utterance":"Sinto uma dor intensa na cabeça."},{"utterance":"A dor de cabeça não passa."},{"utterance":"Estou com uma dor de cabeça forte."},{"utterance":"Minha dor de cabeça está piorando."},{"utterance":"A dor de cabeça está constante."},{"utterance":"Sinto dor de cabeça o tempo todo."},{"utterance":"Minha cabeça está latejando de dor."},{"utterance":"Não consigo me livrar da dor de cabeça."},{"utterance":"Estou com dor de cabeça desde cedo."},{"utterance":"Minha dor de cabeça só aumenta."},{"utterance":"A dor de cabeça está me incomodando."},{"utterance":"Estou com uma dor de cabeça insuportável."},{"utterance":"A dor de cabeça não me deixa em paz."},{"utterance":"Sinto dor de cabeça desde ontem."},{"utterance":"Minha cabeça está doendo muito hoje."},{"utterance":"Estou com dor de cabeça persistente."},{"utterance":"A dor de cabeça está me deixando mal."},{"utterance":"Estou com uma dor de cabeça que não passa."},{"utterance":"A dor de cabeça está intensa agora."},{"utterance":"Sinto uma dor de cabeça constante."},{"utterance":"Minha dor de cabeça não melhora."},{"utterance":"A dor de cabeça me deixa tonto."},{"utterance":"Estou com uma dor de cabeça pulsante."},{"utterance":"Não consigo focar por causa da dor de cabeça."},{"utterance":"Minha dor de cabeça está forte e não alivia."},{"utterance":"A dor de cabeça está piorando ao longo do dia."},{"utterance":"Estou com uma dor de cabeça terrível."},{"utterance":"Minha cabeça dói muito desde cedo"}],"intentConfirmationSetting":null,"intentClosingSetting":null,"initialResponseSetting":{"conditional":null,"codeHook":{"isActive":true,"invocationLabel":null,"postCodeHookSpecification":{"failureResponse":null,"failureNextStep":{"intent":{"name":null,"slots":null},"sessionAttributes":null,"dialogAction":{"type":"EndConversation","slotToElicit":null,"suppressNextMessage":null}},"failureConditional":null,"successResponse":null,"successNextStep":{"intent":{"name":null,"slots":null},"sessionAttributes":null,"dialogAction":{"type":"FulfillIntent","slotToElicit":null,"suppressNextMessage":null}},"successConditional":null,"timeoutResponse":null,"timeoutNextStep":{"intent":{"name":null,"slots":null},"sessionAttributes":null,"dialogAction":{"type":"EndConversation","slotToElicit":null,"suppressNextMessage":null}},"timeoutConditional":null},"enableCodeHookInvocation":true},"nextStep":{"intent":{"name":null,"slots":null},"sessionAttributes":null,"dialogAction":{"type":"InvokeDialogCodeHook","slotToElicit":null,"suppressNextMessage":null}},"initialResponse":null},"inputContexts":null,"outputContexts":null,"kendraConfiguration":null,"qnAIntentConfiguration":null,"bedrockAgentIntentConfiguration":null,"qInConnectIntentConfiguration":null,"dialogCodeHook":{"enabled":true},"fulfillmentCodeHook":{"isActive":true,"postFulfillmentStatusSpecification":{"failureResponse":null,"failureNextStep":{"intent":{"name":null,"slots":null},"sessionAttributes":null,"dialogAction":{"type":"EndConversation","slotToElicit":null,"suppressNextMessage":null}},"successResponse":null,"successNextStep":{"intent":{"name":null,"slots":null},"sessionAttributes":null,"dialogAction":{"type":"EndConversation","slotToElicit":null,"suppressNextMessage":null}},"timeoutResponse":null,"timeoutNextStep":{"intent":{"name":null,"slots":null},"sessionAttributes":null,"dialogAction":{"type":"EndConversation","slotToElicit":null,"suppressNextMessage":null}}},"fulfillmentUpdatesSpecification":null,"enabled":true},"slotPriorities":[]}