{"name":"DetectaExantemaIntent","identifier":"DNXZFDVKZ9","description":null,"parentIntentSignature":null,"sampleUtterances":[{"utterance":"minha pele está vermelha"},{"utterance":"tenho bolhas na pele"},{"utterance":"pele com erupções "},{"utterance":"pele irritada"},{"utterance":"Estou com vermelhidão na pele."},{"utterance":"Minha pele está vermelha e irritada."},{"utterance":"Estou com uma erupção na pele."},{"utterance":"Minha pele está muito vermelha."},{"utterance":"Estou com uma irritação na pele."},{"utterance":"A vermelhidão na pele não passa."},{"utterance":"Minha pele está com uma erupção."},{"utterance":"Estou com a pele irritada e vermelha."},{"utterance":"A erupção na pele está aumentando."},{"utterance":"Sinto minha pele muito irritada."},{"utterance":"A vermelhidão na pele está intensa."},{"utterance":"Minha pele está ficando vermelha."},{"utterance":"Estou com uma erupção que não some."},{"utterance":"Minha pele está bem irritada."},{"utterance":"Estou com uma vermelhidão persistente."},{"utterance":"A irritação na pele está forte."},{"utterance":"Minha pele está cheia de erupções."},{"utterance":"Estou com a pele muito vermelha e sensível."},{"utterance":"A vermelhidão na pele está me incomodando."},{"utterance":"Minha pele está toda vermelha e irritada."},{"utterance":"Estou com uma erupção que coça muito."},{"utterance":"A pele está vermelha e sensível ao toque."},{"utterance":"A irritação na pele só aumenta."},{"utterance":"Minha pele está ficando vermelha e quente."},{"utterance":"Estou com uma vermelhidão que não passa."},{"utterance":"A erupção na pele está se espalhando."},{"utterance":"Minha pele está muito irritada."},{"utterance":"A vermelhidão na pele está constante."},{"utterance":"Estou com erupções que não desaparecem."},{"utterance":"Minha pele está muito vermelha e ardendo."}],"intentConfirmationSetting":null,"intentClosingSetting":null,"initialResponseSetting":{"conditional":null,"codeHook":{"isActive":true,"invocationLabel":null,"postCodeHookSpecification":{"failureResponse":null,"failureNextStep":{"intent":{"name":null,"slots":null},"sessionAttributes":null,"dialogAction":{"type":"EndConversation","slotToElicit":null,"suppressNextMessage":null}},"failureConditional":null,"successResponse":null,"successNextStep":{"intent":{"name":null,"slots":null},"sessionAttributes":null,"dialogAction":{"type":"FulfillIntent","slotToElicit":null,"suppressNextMessage":null}},"successConditional":null,"timeoutResponse":null,"timeoutNextStep":{"intent":{"name":null,"slots":null},"sessionAttributes":null,"dialogAction":{"type":"EndConversation","slotToElicit":null,"suppressNextMessage":null}},"timeoutConditional":null},"enableCodeHookInvocation":true},"nextStep":{"intent":{"name":null,"slots":null},"sessionAttributes":null,"dialogAction":{"type":"InvokeDialogCodeHook","slotToElicit":null,"suppressNextMessage":null}},"initialResponse":null},"inputContexts":null,"outputContexts":null,"kendraConfiguration":null,"qnAIntentConfiguration":null,"bedrockAgentIntentConfiguration":null,"qInConnectIntentConfiguration":null,"dialogCodeHook":{"enabled":true},"fulfillmentCodeHook":{"isActive":true,"postFulfillmentStatusSpecification":{"failureResponse":null,"failureNextStep":{"intent":{"name":null,"slots":null},"sessionAttributes":null,"dialogAction":{"type":"EndConversation","slotToElicit":null,"suppressNextMessage":null}},"successResponse":null,"successNextStep":{"intent":{"name":null,"slots":null},"sessionAttributes":null,"dialogAction":{"type":"EndConversation","slotToElicit":null,"suppressNextMessage":null}},"timeoutResponse":null,"timeoutNextStep":{"intent":{"name":null,"slots":null},"sessionAttributes":null,"dialogAction":{"type":"EndConversation","slotToElicit":null,"suppressNextMessage":null}}},"fulfillmentUpdatesSpecification":null,"enabled":true},"slotPriorities":[]}