{"name":"DetectaVomitoIntent","identifier":"IMJHSZIWGL","description":null,"parentIntentSignature":null,"sampleUtterances":[{"utterance":"eu estou vomitando"},{"utterance":"tô com vômito"},{"utterance":"eu vomitei "},{"utterance":"gorfei"},{"utterance":"Estou vomitando."},{"utterance":"Acabei de vomitar."},{"utterance":"Preciso vomitar."},{"utterance":"Acho que vou vomitar."},{"utterance":"Estou passando mal e vomitando."},{"utterance":"Não consigo parar de vomitar."},{"utterance":"Vomitei várias vezes hoje."},{"utterance":"Estou com náusea e vomitando."},{"utterance":"O vômito não para."},{"utterance":"Acho que vou vomitar de novo."},{"utterance":"Já vomitei três vezes."},{"utterance":"Estou muito enjoado(a) e vomitando."},{"utterance":"Vomitei após comer."},{"utterance":"O enjoo está me fazendo vomitar."},{"utterance":"Preciso de ajuda, estou vomitando."},{"utterance":"Estou vomitando sem parar."},{"utterance":"Vomitei no chão."},{"utterance":"Vomitei tudo o que comi."},{"utterance":"Não me sinto bem, estou vomitando."},{"utterance":"Sinto que vou vomitar novamente."},{"utterance":"Estou vomitando desde cedo."},{"utterance":"Não consigo segurar o vômito."},{"utterance":"Vomitei no banheiro."},{"utterance":"Passei mal e vomitei agora."},{"utterance":"A comida me fez vomitar."},{"utterance":"Estou vomitando e não sei o motivo."},{"utterance":"Preciso vomitar, estou muito enjoado(a)."},{"utterance":"O cheiro me fez vomitar."},{"utterance":"Não parei de vomitar desde ontem."},{"utterance":"Vomitei muito hoje."},{"utterance":"Estou vomitando sem saber por quê."},{"utterance":"Não consigo comer nada, vomito tudo."},{"utterance":"O enjoo me fez vomitar."},{"utterance":"Vomitei depois de comer algo estranho."},{"utterance":"Não aguento mais vomitar."},{"utterance":"Estou com muita náusea e vomitando."},{"utterance":"Vomitei durante a noite."},{"utterance":"Vomitei e estou me sentindo pior."},{"utterance":"Não consigo parar de vomitar e estou fraco"},{"utterance":"Estou vomitando água agora."},{"utterance":"Vomitei depois de sentir enjoo."},{"utterance":"Vomitei no meio da rua."},{"utterance":"Não sei o que fazer, continuo vomitando."},{"utterance":"Sinto algo estranho e estou vomitando."},{"utterance":"Estou vomitando e com dor no estômago."},{"utterance":"Vomitei tudo o que bebi."},{"utterance":"Estou vomitando sangue."},{"utterance":"O vômito não para e estou tonto"},{"utterance":"Estou vomitando e preciso de ajuda urgente."},{"utterance":"Vomitei várias vezes durante o dia."}],"intentConfirmationSetting":null,"intentClosingSetting":null,"initialResponseSetting":{"conditional":null,"codeHook":{"isActive":true,"invocationLabel":null,"postCodeHookSpecification":{"failureResponse":null,"failureNextStep":{"intent":{"name":null,"slots":null},"sessionAttributes":null,"dialogAction":{"type":"EndConversation","slotToElicit":null,"suppressNextMessage":null}},"failureConditional":null,"successResponse":null,"successNextStep":{"intent":{"name":null,"slots":null},"sessionAttributes":null,"dialogAction":{"type":"FulfillIntent","slotToElicit":null,"suppressNextMessage":null}},"successConditional":null,"timeoutResponse":null,"timeoutNextStep":{"intent":{"name":null,"slots":null},"sessionAttributes":null,"dialogAction":{"type":"EndConversation","slotToElicit":null,"suppressNextMessage":null}},"timeoutConditional":null},"enableCodeHookInvocation":true},"nextStep":{"intent":{"name":null,"slots":null},"sessionAttributes":null,"dialogAction":{"type":"InvokeDialogCodeHook","slotToElicit":null,"suppressNextMessage":null}},"initialResponse":null},"inputContexts":null,"outputContexts":null,"kendraConfiguration":null,"qnAIntentConfiguration":null,"bedrockAgentIntentConfiguration":null,"qInConnectIntentConfiguration":null,"dialogCodeHook":{"enabled":true},"fulfillmentCodeHook":{"isActive":true,"postFulfillmentStatusSpecification":{"failureResponse":null,"failureNextStep":{"intent":{"name":null,"slots":null},"sessionAttributes":null,"dialogAction":{"type":"EndConversation","slotToElicit":null,"suppressNextMessage":null}},"successResponse":null,"successNextStep":{"intent":{"name":null,"slots":null},"sessionAttributes":null,"dialogAction":{"type":"EndConversation","slotToElicit":null,"suppressNextMessage":null}},"timeoutResponse":null,"timeoutNextStep":{"intent":{"name":null,"slots":null},"sessionAttributes":null,"dialogAction":{"type":"EndConversation","slotToElicit":null,"suppressNextMessage":null}}},"fulfillmentUpdatesSpecification":null,"enabled":true},"slotPriorities":[]}